[
  {
    "model": "users.customuser",
    "pk": 1,
    "fields": {
      "password": "pbkdf2_sha256$216000$Ubryuyb19Tbq$n3nhZn4wEzGhXNT/8NVCUuNJzNaJfDOCMZx6g0CwbSM=",
      "last_login": null,
      "is_superuser": true,
      "mobile": "98765432100",
      "email": "",
      "surname": "",
      "name": "",
      "patronymic": "",
      "is_staff": true,
      "is_active": true,
      "date_joined": "2021-03-19T10:55:49.984Z",
      "personal_account": null,
      "attachment": "",
      "groups": [],
      "user_permissions": []
    }
  },
  {
    "model": "users.customuser",
    "pk": 2,
    "fields": {
      "password": "!GNKXWRf32q0Uh8JlW1GCpeVsA6N8QcuzqeUi0tH4",
      "last_login": null,
      "is_superuser": false,
      "mobile": "+79626320001",
      "email": "",
      "surname": "",
      "name": "",
      "patronymic": "",
      "is_staff": false,
      "is_active": true,
      "date_joined": "2021-03-19T11:02:11.709Z",
      "personal_account": null,
      "attachment": "",
      "groups": [
        1
      ],
      "user_permissions": []
    }
  },
  {
    "model": "users.customuser",
    "pk": 3,
    "fields": {
      "password": "!pOtP7BhhZTFFTg1I8bcjxS8eLq8flHzfV3V8uuLy",
      "last_login": null,
      "is_superuser": false,
      "mobile": "+79626320002",
      "email": "",
      "surname": "",
      "name": "",
      "patronymic": "",
      "is_staff": false,
      "is_active": true,
      "date_joined": "2021-03-19T11:19:47.836Z",
      "personal_account": null,
      "attachment": "",
      "groups": [
        1
      ],
      "user_permissions": []
    }
  },
  {
    "model": "users.customuser",
    "pk": 4,
    "fields": {
      "password": "!OBYRmPYnbgIGzx4WEVTg24zgPF8pGIzxcWdWaVVn",
      "last_login": null,
      "is_superuser": false,
      "mobile": "+79626320003",
      "email": "",
      "surname": "",
      "name": "",
      "patronymic": "",
      "is_staff": false,
      "is_active": true,
      "date_joined": "2021-03-19T11:30:46.937Z",
      "personal_account": null,
      "attachment": "",
      "groups": [
        1
      ],
      "user_permissions": []
    }
  },
  {
    "model": "users.useraddress",
    "pk": 1,
    "fields": {
      "street": "Ленина",
      "house": "1",
      "building": "2",
      "apartment": "3",
      "is_main": false,
      "user": 2
    }
  },
  {
    "model": "users.useraddress",
    "pk": 2,
    "fields": {
      "street": "Частная",
      "house": "9",
      "building": "",
      "apartment": "",
      "is_main": false,
      "user": 2
    }
  },
  {
    "model": "users.useraddress",
    "pk": 3,
    "fields": {
      "street": "Пушкина",
      "house": "9",
      "building": "",
      "apartment": "9",
      "is_main": false,
      "user": 3
    }
  },
  {
    "model": "users.useraddress",
    "pk": 4,
    "fields": {
      "street": "Пушкина",
      "house": "7",
      "building": "",
      "apartment": "",
      "is_main": false,
      "user": 3
    }
  },
  {
    "model": "users.useraddress",
    "pk": 5,
    "fields": {
      "street": "Пушкина",
      "house": "9",
      "building": "",
      "apartment": "",
      "is_main": false,
      "user": 3
    }
  },
  {
    "model": "users.useraddress",
    "pk": 6,
    "fields": {
      "street": "Нариманова",
      "house": "1",
      "building": "ст2",
      "apartment": "",
      "is_main": false,
      "user": 3
    }
  },
  {
    "model": "users.useraddress",
    "pk": 7,
    "fields": {
      "street": "Нариманова",
      "house": "1",
      "building": "ст2",
      "apartment": "",
      "is_main": false,
      "user": 4
    }
  },
  {
    "model": "tasks.taskstatus",
    "pk": 1,
    "fields": {
      "title": "Новая"
    }
  },
  {
    "model": "tasks.taskstatus",
    "pk": 2,
    "fields": {
      "title": "Принята"
    }
  },
  {
    "model": "tasks.taskstatus",
    "pk": 3,
    "fields": {
      "title": "В работе"
    }
  },
  {
    "model": "tasks.taskstatus",
    "pk": 4,
    "fields": {
      "title": "Отклонена"
    }
  },
  {
    "model": "tasks.taskstatus",
    "pk": 5,
    "fields": {
      "title": "Исполнена"
    }
  },
  {
    "model": "tasks.task",
    "pk": 1,
    "fields": {
      "subject": "Нет горячей воды",
      "text": "Вода ниже требуемой температуры",
      "created_at": "2020-03-01T11:11:54.932Z",
      "completed_at": null,
      "task_status": 1,
      "surname": "Иванов",
      "name": "Иван",
      "patronymic": "Иванович",
      "phone": "89626320001",
      "email": "9626320001@ya.ru",
      "user": 2,
      "performer": null,
      "address": 1,
      "attachment": ""
    }
  },
  {
    "model": "tasks.task",
    "pk": 2,
    "fields": {
      "subject": "Нет газа",
      "text": "Едим мороженные пельмени!",
      "created_at": "2020-09-02T11:13:11.155Z",
      "completed_at": null,
      "task_status": 1,
      "surname": "Иванов",
      "name": "Иван",
      "patronymic": "Иванович",
      "phone": "89626320001",
      "email": "9626320001@ya.ru",
      "user": 2,
      "performer": null,
      "address": 1,
      "attachment": ""
    }
  },
  {
    "model": "tasks.task",
    "pk": 3,
    "fields": {
      "subject": "Нет света",
      "text": "3 дня при свечах",
      "created_at": "2021-03-19T11:14:57.132Z",
      "completed_at": null,
      "task_status": 1,
      "surname": "Тещина",
      "name": "Теща",
      "patronymic": "Тещевна",
      "phone": "89626320001",
      "email": "9626320001@ya.ru",
      "user": 2,
      "performer": null,
      "address": 2,
      "attachment": ""
    }
  },
  {
    "model": "tasks.task",
    "pk": 4,
    "fields": {
      "subject": "Горит дом напротив",
      "text": "Тушите скорее",
      "created_at": "2021-03-19T11:26:29.935Z",
      "completed_at": null,
      "task_status": 1,
      "surname": "Петров",
      "name": "Петр",
      "patronymic": "Петрович",
      "phone": "89626320002",
      "email": "9626320002@ya.ru",
      "user": 3,
      "performer": null,
      "address": 4,
      "attachment": ""
    }
  },
  {
    "model": "tasks.task",
    "pk": 5,
    "fields": {
      "subject": "Доделайте ремонт в подъезде",
      "text": "За что мы сдаем деньги?!",
      "created_at": "2021-03-19T11:27:27.717Z",
      "completed_at": null,
      "task_status": 1,
      "surname": "Петров",
      "name": "Петр",
      "patronymic": "Петрович",
      "phone": "89626320002",
      "email": "9626320002@ya.ru",
      "user": 3,
      "performer": null,
      "address": 5,
      "attachment": ""
    }
  },
  {
    "model": "tasks.task",
    "pk": 6,
    "fields": {
      "subject": "Течет кран",
      "text": "Нужен сантехник на субботу",
      "created_at": "2021-03-19T11:28:02.040Z",
      "completed_at": null,
      "task_status": 1,
      "surname": "Петров",
      "name": "Петр",
      "patronymic": "Петрович",
      "phone": "89626320002",
      "email": "9626320002@ya.ru",
      "user": 3,
      "performer": null,
      "address": 3,
      "attachment": ""
    }
  },
  {
    "model": "tasks.task",
    "pk": 7,
    "fields": {
      "subject": "Кончилось печенье и вода в куллере",
      "text": "Отказываемся работать",
      "created_at": "2021-03-19T11:35:25.457Z",
      "completed_at": null,
      "task_status": 1,
      "surname": "Анонимов",
      "name": "Аноним",
      "patronymic": "Анонимович",
      "phone": "89626320002",
      "email": "9626320002@ya.ru",
      "user": 4,
      "performer": null,
      "address": 7,
      "attachment": ""
    }
  },
  {
    "model": "tasks.task",
    "pk": 8,
    "fields": {
      "subject": "2018. Исполнена.",
      "text": "Текст. 2018. Исполнена.",
      "created_at": "2018-01-01T11:11:54.932Z",
      "completed_at": "2018-01-02T11:11:54.932Z",
      "task_status": 5,
      "surname": "Иванов",
      "name": "Иван",
      "patronymic": "Иванович",
      "phone": "89626320001",
      "email": "9626320001@ya.ru",
      "user": 2,
      "performer": 1,
      "address": 1,
      "attachment": ""
    }
  },
  {
    "model": "tasks.task",
    "pk": 9,
    "fields": {
      "subject": "2019. Отклонена.",
      "text": "Текст. 2019. Отклонена.",
      "created_at": "2018-01-01T11:11:54.932Z",
      "completed_at": null,
      "task_status": 4,
      "surname": "Иванов",
      "name": "Иван",
      "patronymic": "Иванович",
      "phone": "89626320001",
      "email": "9626320001@ya.ru",
      "user": 2,
      "performer": null,
      "address": 1,
      "attachment": ""
    }
  },
  {
    "model": "tasks.task",
    "pk": 10,
    "fields": {
      "subject": "2020-08-01. В работе.",
      "text": "Текст. 2020-08-01. В работе.",
      "created_at": "2020-08-01T11:11:54.932Z",
      "completed_at": null,
      "task_status": 3,
      "surname": "Иванов",
      "name": "Иван",
      "patronymic": "Иванович",
      "phone": "89626320001",
      "email": "9626320001@ya.ru",
      "user": 2,
      "performer": null,
      "address": 1,
      "attachment": ""
    }
  },
  {
    "model": "tasks.task",
    "pk": 11,
    "fields": {
      "subject": "2020-12-02. Принята.",
      "text": "Текст. 2020-12-02. Принята.",
      "created_at": "2020-12-02T11:11:54.932Z",
      "completed_at": null,
      "task_status": 2,
      "surname": "Иванов",
      "name": "Иван",
      "patronymic": "Иванович",
      "phone": "89626320001",
      "email": "9626320001@ya.ru",
      "user": 2,
      "performer": null,
      "address": 1,
      "attachment": ""
    }
  },
  {
    "model": "send_values.meterstype",
    "pk": 1,
    "fields": {
      "title": "Холодная вода",
      "measure": "м³"
    }
  },
  {
    "model": "send_values.meterstype",
    "pk": 2,
    "fields": {
      "title": "Горячая вода",
      "measure": "м³"
    }
  },
  {
    "model": "send_values.meterstype",
    "pk": 3,
    "fields": {
      "title": "Газ",
      "measure": "м³"
    }
  },
  {
    "model": "send_values.meterstype",
    "pk": 4,
    "fields": {
      "title": "Электричество",
      "measure": "кВт·ч"
    }
  },
  {
    "model": "send_values.watergaselectricalmeters",
    "pk": 1,
    "fields": {
      "title": "ХВС",
      "user": 2,
      "meters_type": 1,
      "address": 1
    }
  },
  {
    "model": "send_values.watergaselectricalmeters",
    "pk": 2,
    "fields": {
      "title": "ГВС",
      "user": 2,
      "meters_type": 2,
      "address": 1
    }
  },
  {
    "model": "send_values.watergaselectricalmeters",
    "pk": 3,
    "fields": {
      "title": "Газ",
      "user": 2,
      "meters_type": 3,
      "address": 1
    }
  },
  {
    "model": "send_values.watergaselectricalmeters",
    "pk": 4,
    "fields": {
      "title": "Свет",
      "user": 2,
      "meters_type": 4,
      "address": 1
    }
  },
  {
    "model": "send_values.watergaselectricalmeters",
    "pk": 5,
    "fields": {
      "title": "ХВС - 2",
      "user": 2,
      "meters_type": 1,
      "address": 2
    }
  },
  {
    "model": "send_values.watergaselectricalmeters",
    "pk": 6,
    "fields": {
      "title": "ГВС - 2",
      "user": 2,
      "meters_type": 2,
      "address": 2
    }
  },
  {
    "model": "send_values.watergaselectricalmeters",
    "pk": 7,
    "fields": {
      "title": "Газ - 2",
      "user": 2,
      "meters_type": 3,
      "address": 2
    }
  },
  {
    "model": "send_values.watergaselectricalmeters",
    "pk": 8,
    "fields": {
      "title": "Свет - 2",
      "user": 2,
      "meters_type": 4,
      "address": 2
    }
  },
  {
    "model": "send_values.watergaselectricalmeters",
    "pk": 9,
    "fields": {
      "title": "Хол.Вод.",
      "user": 3,
      "meters_type": 1,
      "address": 3
    }
  },
  {
    "model": "send_values.watergaselectricalmeters",
    "pk": 10,
    "fields": {
      "title": "Гор.Вод.",
      "user": 3,
      "meters_type": 2,
      "address": 3
    }
  },
  {
    "model": "send_values.watergaselectricalmeters",
    "pk": 11,
    "fields": {
      "title": "ГАЗ.",
      "user": 3,
      "meters_type": 3,
      "address": 3
    }
  },
  {
    "model": "send_values.watergaselectricalmeters",
    "pk": 12,
    "fields": {
      "title": "Элек.",
      "user": 3,
      "meters_type": 4,
      "address": 3
    }
  },
  {
    "model": "send_values.watergaselectricalmeters",
    "pk": 13,
    "fields": {
      "title": "Холодная вода",
      "user": 3,
      "meters_type": 1,
      "address": 6
    }
  },
  {
    "model": "send_values.watergaselectricalmeters",
    "pk": 14,
    "fields": {
      "title": "Электричество",
      "user": 3,
      "meters_type": 4,
      "address": 6
    }
  },
  {
    "model": "send_values.watergaselectricalmeters",
    "pk": 15,
    "fields": {
      "title": "Электричество 1!",
      "user": 4,
      "meters_type": 4,
      "address": 7
    }
  },
  {
    "model": "send_values.valuewatergaselectricalmeters",
    "pk": 1,
    "fields": {
      "value": 1,
      "previous_value": null,
      "meter": 1,
      "user": 2,
      "date": "2018-03-19T11:16:25.254Z"
    }
  },
  {
    "model": "send_values.valuewatergaselectricalmeters",
    "pk": 2,
    "fields": {
      "value": 2,
      "previous_value": 1,
      "meter": 1,
      "user": 2,
      "date": "2019-03-19T11:16:31.361Z"
    }
  },
  {
    "model": "send_values.valuewatergaselectricalmeters",
    "pk": 3,
    "fields": {
      "value": 3,
      "previous_value": 2,
      "meter": 1,
      "user": 2,
      "date": "2020-03-19T11:16:36.406Z"
    }
  },
  {
    "model": "send_values.valuewatergaselectricalmeters",
    "pk": 4,
    "fields": {
      "value": 4,
      "previous_value": null,
      "meter": 2,
      "user": 2,
      "date": "2020-03-19T11:16:43.167Z"
    }
  },
  {
    "model": "send_values.valuewatergaselectricalmeters",
    "pk": 5,
    "fields": {
      "value": 5,
      "previous_value": 4,
      "meter": 2,
      "user": 2,
      "date": "2020-08-01T11:16:46.309Z"
    }
  },
  {
    "model": "send_values.valuewatergaselectricalmeters",
    "pk": 6,
    "fields": {
      "value": 6,
      "previous_value": 5,
      "meter": 2,
      "user": 2,
      "date": "2020-12-12T11:16:49.258Z"
    }
  },
  {
    "model": "send_values.valuewatergaselectricalmeters",
    "pk": 7,
    "fields": {
      "value": 7,
      "previous_value": null,
      "meter": 3,
      "user": 2,
      "date": "2021-01-01T11:16:57.164Z"
    }
  },
  {
    "model": "send_values.valuewatergaselectricalmeters",
    "pk": 8,
    "fields": {
      "value": 8,
      "previous_value": 7,
      "meter": 3,
      "user": 2,
      "date": "2021-02-02T11:17:00.961Z"
    }
  },
  {
    "model": "send_values.valuewatergaselectricalmeters",
    "pk": 9,
    "fields": {
      "value": 9,
      "previous_value": 8,
      "meter": 3,
      "user": 2,
      "date": "2021-03-03T11:17:04.479Z"
    }
  },
  {
    "model": "send_values.valuewatergaselectricalmeters",
    "pk": 10,
    "fields": {
      "value": 10,
      "previous_value": null,
      "meter": 4,
      "user": 2,
      "date": "2021-03-01T11:17:13.798Z"
    }
  },
  {
    "model": "send_values.valuewatergaselectricalmeters",
    "pk": 11,
    "fields": {
      "value": 11,
      "previous_value": 10,
      "meter": 4,
      "user": 2,
      "date": "2021-03-02T11:17:17.219Z"
    }
  },
  {
    "model": "send_values.valuewatergaselectricalmeters",
    "pk": 12,
    "fields": {
      "value": 12,
      "previous_value": 11,
      "meter": 4,
      "user": 2,
      "date": "2021-03-03T11:17:19.798Z"
    }
  },
  {
    "model": "send_values.valuewatergaselectricalmeters",
    "pk": 13,
    "fields": {
      "value": 13,
      "previous_value": null,
      "meter": 5,
      "user": 2,
      "date": "2021-03-04T11:17:26.782Z"
    }
  },
  {
    "model": "send_values.valuewatergaselectricalmeters",
    "pk": 14,
    "fields": {
      "value": 14,
      "previous_value": 13,
      "meter": 5,
      "user": 2,
      "date": "2021-03-05T11:17:30.697Z"
    }
  },
  {
    "model": "send_values.valuewatergaselectricalmeters",
    "pk": 15,
    "fields": {
      "value": 15,
      "previous_value": 14,
      "meter": 5,
      "user": 2,
      "date": "2021-03-06T11:17:33.309Z"
    }
  },
  {
    "model": "send_values.valuewatergaselectricalmeters",
    "pk": 16,
    "fields": {
      "value": 16,
      "previous_value": null,
      "meter": 6,
      "user": 2,
      "date": "2021-03-07T11:17:41.088Z"
    }
  },
  {
    "model": "send_values.valuewatergaselectricalmeters",
    "pk": 17,
    "fields": {
      "value": 17,
      "previous_value": 16,
      "meter": 6,
      "user": 2,
      "date": "2021-03-08T11:17:45.336Z"
    }
  },
  {
    "model": "send_values.valuewatergaselectricalmeters",
    "pk": 18,
    "fields": {
      "value": 18,
      "previous_value": 17,
      "meter": 6,
      "user": 2,
      "date": "2021-03-09T11:17:48.155Z"
    }
  },
  {
    "model": "send_values.valuewatergaselectricalmeters",
    "pk": 19,
    "fields": {
      "value": 19,
      "previous_value": null,
      "meter": 7,
      "user": 2,
      "date": "2021-03-10T11:17:53.368Z"
    }
  },
  {
    "model": "send_values.valuewatergaselectricalmeters",
    "pk": 20,
    "fields": {
      "value": 19,
      "previous_value": 19,
      "meter": 7,
      "user": 2,
      "date": "2021-03-11T11:18:01.434Z"
    }
  },
  {
    "model": "send_values.valuewatergaselectricalmeters",
    "pk": 21,
    "fields": {
      "value": 20,
      "previous_value": 19,
      "meter": 7,
      "user": 2,
      "date": "2021-03-12T11:18:05.447Z"
    }
  },
  {
    "model": "send_values.valuewatergaselectricalmeters",
    "pk": 22,
    "fields": {
      "value": 21,
      "previous_value": 20,
      "meter": 7,
      "user": 2,
      "date": "2021-03-13T11:18:08.522Z"
    }
  },
  {
    "model": "send_values.valuewatergaselectricalmeters",
    "pk": 23,
    "fields": {
      "value": 22,
      "previous_value": null,
      "meter": 8,
      "user": 2,
      "date": "2021-03-14T11:18:14.546Z"
    }
  },
  {
    "model": "send_values.valuewatergaselectricalmeters",
    "pk": 24,
    "fields": {
      "value": 23,
      "previous_value": 22,
      "meter": 8,
      "user": 2,
      "date": "2021-03-15T11:18:18.033Z"
    }
  },
  {
    "model": "send_values.valuewatergaselectricalmeters",
    "pk": 25,
    "fields": {
      "value": 24,
      "previous_value": 23,
      "meter": 8,
      "user": 2,
      "date": "2021-03-16T11:18:21.280Z"
    }
  },
  {
    "model": "send_values.valuewatergaselectricalmeters",
    "pk": 26,
    "fields": {
      "value": 25,
      "previous_value": null,
      "meter": 9,
      "user": 3,
      "date": "2021-03-17T11:28:34.665Z"
    }
  },
  {
    "model": "send_values.valuewatergaselectricalmeters",
    "pk": 27,
    "fields": {
      "value": 26,
      "previous_value": 25,
      "meter": 9,
      "user": 3,
      "date": "2021-03-19T11:28:38.834Z"
    }
  },
  {
    "model": "send_values.valuewatergaselectricalmeters",
    "pk": 28,
    "fields": {
      "value": 27,
      "previous_value": 26,
      "meter": 9,
      "user": 3,
      "date": "2021-03-19T11:28:41.852Z"
    }
  },
  {
    "model": "send_values.valuewatergaselectricalmeters",
    "pk": 29,
    "fields": {
      "value": 28,
      "previous_value": null,
      "meter": 10,
      "user": 3,
      "date": "2021-03-19T11:28:49.334Z"
    }
  },
  {
    "model": "send_values.valuewatergaselectricalmeters",
    "pk": 30,
    "fields": {
      "value": 29,
      "previous_value": 28,
      "meter": 10,
      "user": 3,
      "date": "2021-03-19T11:28:52.727Z"
    }
  },
  {
    "model": "send_values.valuewatergaselectricalmeters",
    "pk": 31,
    "fields": {
      "value": 30,
      "previous_value": 29,
      "meter": 10,
      "user": 3,
      "date": "2021-03-19T11:28:56.841Z"
    }
  },
  {
    "model": "send_values.valuewatergaselectricalmeters",
    "pk": 32,
    "fields": {
      "value": 31,
      "previous_value": 30,
      "meter": 10,
      "user": 3,
      "date": "2021-03-19T11:29:00.924Z"
    }
  },
  {
    "model": "send_values.valuewatergaselectricalmeters",
    "pk": 33,
    "fields": {
      "value": 32,
      "previous_value": null,
      "meter": 11,
      "user": 3,
      "date": "2021-03-19T11:29:08.179Z"
    }
  },
  {
    "model": "send_values.valuewatergaselectricalmeters",
    "pk": 34,
    "fields": {
      "value": 33,
      "previous_value": 32,
      "meter": 11,
      "user": 3,
      "date": "2021-03-19T11:29:12.179Z"
    }
  },
  {
    "model": "send_values.valuewatergaselectricalmeters",
    "pk": 35,
    "fields": {
      "value": 34,
      "previous_value": null,
      "meter": 12,
      "user": 3,
      "date": "2021-03-19T11:29:18.580Z"
    }
  },
  {
    "model": "send_values.valuewatergaselectricalmeters",
    "pk": 36,
    "fields": {
      "value": 35,
      "previous_value": null,
      "meter": 13,
      "user": 3,
      "date": "2021-03-19T11:36:18.749Z"
    }
  },
  {
    "model": "send_values.valuewatergaselectricalmeters",
    "pk": 37,
    "fields": {
      "value": 36,
      "previous_value": null,
      "meter": 14,
      "user": 3,
      "date": "2021-03-19T11:36:27.372Z"
    }
  },
  {
    "model": "send_values.valuewatergaselectricalmeters",
    "pk": 38,
    "fields": {
      "value": 999,
      "previous_value": null,
      "meter": 15,
      "user": 4,
      "date": "2021-03-19T11:37:50.288Z"
    }
  },
  {
    "model": "articles.article",
    "pk": 1,
    "fields": {
      "title": "По всей России пройдут проверки размещённой УО информации в ГИС ЖКХ.",
      "content": "С 23 марта по 31 мая 2021 года по всей России пройдут внеплановые проверки полноты и достоверности размещённой в ГИС ЖКХ информации о договорах управления и предоставления ЖКУ. Такое поручение дал зампредседателя Правительства РФ Марат Хуснуллин Минстрою РФ и руководителям регионов. В письме от 22.03.2021 № МХ-П16-3531 на имя главы Минстроя РФ Ирека Файзуллина и высших должностных лиц субъектов РФ Марат Хуснуллин попросил органы Госжилнадзора с 23 марта и до конца весны внепланово проверить сведения, которые обязаны размещать в ГИС ЖКХ управляющие организации и исполнители коммунальных услуг, – информацию о договорах управления, договорах предоставления ЖКУ. С 30 марта Минстрой РФ обязан еженедельно представлять в Правительство РФ доклад о том, как идёт исполнение этого поручения в регионах. \nПеречень информации, которую управляющие домами должны размещать в ГИС ЖКХ, указан в приказе № 74/114/пр. В случае, если орган ГЖН при проверке найдёт нарушения: отсутствие обязательной информации, её неполноту или недостоверность – УО будет привлечена к ответственности по ст. 13.19.2 КоАП РФ. Чтобы избежать такой ситуации, а также не оказаться в отчёте органа ГЖН для Минстроя и Правительства РФ, предлагаем УО проверить полноту раскрытия ими информации в системе с помощью сервиса «Анализ ГИС ЖКХ». Он позволяет увидеть, что нужно исправить или дополнить. Инструкцию, как пользоваться сервисом, вы найдёте здесь. О том, как внести в ГИС ЖКХ информацию о договоре управления, узнайте из этого материала.\nЕсли вам нужна помощь в заполнении системы, обратитесь к нам. Наши специалисты возьмут все заботы, связанные с ГИС ЖКХ, на себя, обеспечив полное и своевременное размещение в ней обязательных сведений. Заполните форму ниже и получите расчёт стоимости заполнения ГИС ЖКХ для вас.",
      "created_at": "2021-02-19T22:34:14Z",
      "updated_at": "2021-02-26T07:53:53Z",
      "author": 1,
      "image": ""
    }
  },
  {
    "model": "articles.article",
    "pk": 2,
    "fields": {
      "title": "Депутаты хотят изменить нормы ГрК РФ о содержании участков под МКД",
      "content": "В Госдуму РФ внесён законопроект, который в случае принятия устранит противоречие между Жилищным и Градостроительным кодексами РФ по вопросу участия собственников помещений в содержании придомовой территории. Авторы документа предлагают отменить установленную ГрК РФ обязанность жителей платить за содержание несформированного участка под домом. Законопроектом № 1132098-7 депутаты Госдумы РФ хотят внести изменения в п. 13 ч. 2 ст. 45.1 Федерального закона от 06.10.2003 № 131-ФЗ и ч. 9 ст. 55.25 ГрК РФ. \nСогласно этим нормам, собственники помещений в МКД, земельные участки под которыми не образованы или образованы по границам таких домов, обязаны участвовать, в том числе финансово, в содержании прилегающих территорий. При этом нормы ЖК РФ и ПП РФ № 491 устанавливают, что собственники помещений в МКД отвечают за содержание земельного участка, если он включён в состав такого имущества. Если участок под домом не сформирован, то жители дома не должны оплачивать его уборку, очистку и озеленение. Авторы законопроекта предлагают и внести изменения в ч. 9 ст. 55.25 ГрК РФ и п. 13 ч. 2 ст. 45.1 № 131-ФЗ и исключить из них упоминание несформированных участков. Таким образом с граждан будет снята обязанность содержать чужое имущество. Законопроектом № 1132098-7 находится на рассмотрении профильного комитета Госдумы РФ. \nДанный законопроект важен для управляющих организаций: известны случаи, когда муниципалитет и суд обязывают УО содержать придомовую территорию, которая не включена в состав общего имущества собственников. Судебная практика по этому вопросу противоречива: мы рассказывали, как ВС РФ посчитал, что УО должна содержать детскую площадку на несформированном участке возле дома, а также о противоположном мнении ВС РФ по подобному делу..",
      "created_at": "2021-02-18T01:43:36Z",
      "updated_at": "2021-02-20T10:21:55Z",
      "author": 1,
      "image": ""
    }
  },
  {
    "model": "articles.article",
    "pk": 3,
    "fields": {
      "title": "Минстрой РФ планирует заняться «донастройкой» сферы управления МКД",
      "content": "Глава Минстроя РФ на заседании Комитета по жилищной политике и ЖКХ Госдумы РФ рассказал, что рынку управления домами нужна донастройка. А его заместитель на круглом столе в Совете Федерации озвучил, что ведомство начало работу по внесению изменений в НПА, чтобы чётко разделить понятия текущего и капремонта в домах. Министр строительства и ЖКХ отметил, что в отношении деятельности управляющих домами организаций необходимо провести дополнительную работу, скорректировать законодательство и требования, но в каждом регионе такая донастройка имеет свою специфику. \nПо словам Ирека Файзуллина, улучшениям и изменениям в этой сфере должна способствовать ГИС ЖКХ: ведомство сейчас занимается её модернизацией. Замглавы Минстроя РФ Максим Егоров принял участие в круглом столе «Организация взаимодействия управляющей организации с собственниками и пользователями помещений в МКД», прошедшем в Совете Федерации. Он рассказал, что министерство уже работает над изменениями в законодательстве, которые чётко разграничат понятия текущего и капитального ремонтов. \nТакже Максим Егоров сообщил, что в будущем все общие собрания собственников помещений должны проводиться онлайн. Это повысит прозрачность ОСС. Исключением для такого формата собраний в МКД станут только территории с ограниченным доступом в интернет.",
      "created_at": "2021-01-13T23:26:16Z",
      "updated_at": "2021-01-14T07:57:41Z",
      "author": 1,
      "image": ""
    }
  },
  {
    "model": "articles.article",
    "pk": 4,
    "fields": {
      "title": "Началась регистрация на форум Минстроя РФ по «Умному городу».",
      "content": "15–16 апреля 2021 года в Белгороде пройдёт всероссийский форум «Умный город: Инструкция по применению», где участники обсудят лучшие практики по вовлечению жителей городов и территорий в решение вопросов благоустройства и цифровизацию городов. Мероприятие организуют Минстрой России и правительство Белгородской области. \nРегистрация на форум уже началась. Всероссийский форум «Умный город: Инструкция по применению» соберёт экспертов и участников рынка ЖКХ и цифровых технологий со всей страны. Они обсудят вопросы развития и цифровой трансформации городов, внедрения в процессы искусственного интеллекта, интернет вещей. Также на повестке форума – практики по вовлечению жителей в городское управление, развитие и благоустройство территорий. В рамках мероприятия пройдут экспертные дискуссии, отраслевая выставка и молодёжный хакатон по созданию «умных» решений в сфере цифровизации городского хозяйства. Одной из важных тем станет запуск общероссийской платформы для онлайн-голосования по отбору территорий для формирования комфортной городской среды. \nФорум будет интересен представителям регионов и муниципалитетов, курирующим цифровизацию, организациям в сфере IT и проектирования, экспертам отрасли ЖКХ. Мероприятия пройдут в очном формате с трансляцией событий на сайте форума. Зарегистрироваться и ознакомиться с полной программой форума можно уже сейчас, перейдя по ссылке. «Умный город» и smart-решения в ЖКХ часто становятся темами обсуждений различных форумов и конференций. Мы стараемся ничего не пропустить и рассказывать вам о самом интересном. Отчёты с подобных мероприятий вы найдёте в разделе «Технологии в ЖКХ» нашего портала..",
      "created_at": "2021-01-08T15:22:00Z",
      "updated_at": "2021-01-14T03:46:28Z",
      "author": 1,
      "image": ""
    }
  },
  {
    "model": "articles.article",
    "pk": 5,
    "fields": {
      "title": "Роспотребнадзор уточнил требование СанПиН к влажной уборке в МКД.",
      "content": "Роспотребнадзор направил в Минстрой РФ письмо от 15.03.2021 № 02/4905-2021-23, в котором дал разъяснения по применению СанПиН 2.1.3684-21. Этот документ с 1 марта 2021 года ввёл в действие норму о ежедневной влажной уборке в местах общего пользования в МКД. Ведомство в письме признало, что подобное требование – это техническая неточность. Периодичность проведения уборки в доме должна определяться собственниками помещений на общем собрании и отражаться в договоре управления. Глава Экспертного совета Ассоциации «Р1» Елена Шерешовец в новом выпуске онлайн-журнала «ЖКХ: мечты сбываются» поздравила всех управляющих домами с этой новостью. По её мнению, Роспотребнадзор уточнил правила уборки в МКД потому, что Ассоциация «Р1» и другие объединения, работающие в этой сфере, сплотились и направили письма и обращения во все инстанции, снимали ролики и писали статьи с разъяснениями последствий применения новых норм, требуя их пересмотреть. Отдельно эксперт отметила, письмо Роспотребнадзора – это только уточнения требования к УО по ежедневной уборке в домах. Ведомство подготовило изменения в СанПиН 2.1.3684-21, и он не отменён. \nТак, в силе осталось требование после устранения аварий промывать и дезинфицировать систему с обязательным лабораторным контролем качества и безопасности воды, о чём мы рассказали в этом материале. Также действуют новые нормы в сфере обращения с ТКО:.",
      "created_at": "2020-12-23T09:29:46Z",
      "updated_at": "2020-12-28T13:14:59Z",
      "author": 1,
      "image": ""
    }
  },
  {
    "model": "articles.article",
    "pk": 6,
    "fields": {
      "title": "Минстрой пояснил нюансы проведения ОСС с участием нанимателей жилья",
      "content": "Минстрой РФ высказал свою точку зрения на порядок проведения в многоквартирном доме общего собрания, где голосовать вправе и собственники, и наниматели жилья по договорам соцнайма. Это допускает ЖК РФ при вынесении на повестку собрания вопроса о включении дома в программу реновации. Федеральный закон от 30.12.2020 № 494-ФЗ внёс изменения в нормы ЖК РФ о проведении ОСС. Согласно п. 4.6 ч. 2 ст. 44 ЖК РФ, к компетенции собрания отнесён вопрос о включении дома в границы территории жилой застройки, подлежащей комплексному развитию. По этой позиции повестки на собрании могут голосовать не только собственники помещений, но и наниматели квартир по договорам соцнайма как представители владельцев помещений (ч. 3.2 ст. 45 ЖК РФ). Нововведение вызвало сложности у инициаторов ОСС: где брать сведения о нанимателях и как подсчитывать их голоса. \nМинстрой РФ в письме от 26.02.2021 № 4809-ОГ/04 высказал свою точку зрения на эти вопросы. По мнению ведомства, список нанимателей УО должны получать в органах местного самоуправления и включать таких жителей в реестр собственников для ОСС. Количество их голосов определяется пропорционально предоставляемой каждому нанимателю площади в пределах числа голосов, которым обладает собственник помещения. При этом инициатору следует учитывать ч. ч. 2, 3 ст. 69 ЖК РФ, где указано, что все члены семьи нанимателя вносятся в договор соцнайма и имеют равные с ним права и обязанности..",
      "created_at": "2020-12-20T20:13:04Z",
      "updated_at": "2020-12-24T02:48:24Z",
      "author": 1,
      "image": ""
    }
  },
  {
    "model": "articles.article",
    "pk": 7,
    "fields": {
      "title": "ВС РФ рассмотрел законность отдельных пунктов Правил № 416 и № 354.",
      "content": "ВС РФ, рассмотрев административный иск жителя дома из Волгограда, отказался признать противоречащими ЖК РФ и ГК РФ отдельные пункты Правил № 416 и № 354, касающиеся порядка заключения договоров на содержание общего имущества и предоставление коммунальных услуг. ВС РФ признал оспариваемые истцом нормы соответствующими законодательству. \nКак указано в решении ВС РФ, собственник помещения в одном из МКД Волгограда пытался в суде обязать ТСН, членом которого он не являлся, заключить с ним договоры на содержание общего имущества и предоставление коммунальных услуг. Но ТСН предложило владельцу квартиры составить такие документы самому и направить в правление для рассмотрения. Суды, решая спор, указали, что законодательство не обязывает товарищество заключать подобные договоры. При этом их отсутствие в письменной форме не освобождает ТСН от обязательств по предоставлению истцу услуг, а истца – от несения бремени содержания общего имущества и оплаты услуг. Тогда житель МКД подал административный иск в Верховный суд РФ, пытаясь оспорить абз. 5–6 пп. «д» п. 4 ПП РФ № 416 и первое предложение абз. 1 п. 22, абз. 1, 4 п. 23 ПП РФ № 354. Это пункты регулируют порядок заключения договоров на содержание общего имущества в МКД и на предоставление коммунальных услуг. Он указал, что эти нормы противоречат ЖК РФ и ГК РФ и позволяют ТСН не заключать такие договоры с не членами товарищества. ВС РФ отклонил иск, указав, что он основан на неправильном толковании жилищного законодательства. \nТребования собственника сводятся к несогласию с судебными актами, принятыми по его иску к ТСН. Оспариваемые нормы ПП РФ № 416 и № 354 устанавливают порядок заключения договоров и не противоречат иным НПА.",
      "created_at": "2020-12-22T21:26:17Z",
      "updated_at": "2020-12-24T03:25:51Z",
      "author": 1,
      "image": ""
    }
  },
  {
    "model": "articles.article",
    "pk": 8,
    "fields": {
      "title": "Плохое состояние дома – главная жалоба жителей РФ на ЖКХ в 2020 году",
      "content": "В НП «ЖКХ Контроль» составили рейтинг проблем в сфере ЖКХ, на которые жаловались жители России в 2020 году. Традиционно в первые его строчки попали обращения из-за плохого состояния многоквартирных домов, необоснованных начислений платы за ЖКУ, работы УО/ТСЖ и некачественных коммунальных услуг. «ЖКХ Контроль» регулярно публикует отчёты о наиболее частых жалобах жителей России в сфере жилищно-коммунального хозяйства. \nРейтинг формируется на основе поступивших за период обращений в региональные центры общественного контроля и в приёмную партнёрства. Если в 2019 году на первом месте такого рейтинга были жалобы потребителей на неправильный расчёт платы за ЖКУ, то в 2020 году список возглавили проблемы, связанные с плохим состоянием жилфонда и неудовлетворительным содержанием общего имущества (16,3% от всех поступивших жалоб). На втором месте – некорректное начисление платы за ЖКУ (14%). 12,1% жалоб, принятых региональными центрами, касались нарушений в работе управляющих организаций и ТСЖ. Чуть меньше обращений поступило в «ЖКХ Контроль» на некачественные коммунальные услуги (9,5%). Также в 2020 году жители России выражали недовольство управлением многоквартирными домами и жаловались на противодействие со стороны УО при смене компании или способа управления МКД. \nДанные темы ежегодно становятся центральными проблемами, с которыми потребители ЖКУ обращаются в центры НП «ЖКХ Контроль». О предыдущих рейтингах вы можете прочитать тут и тут. Чтобы снизить количество жалоб жителей МКД, управляющие организации и ТСЖ должны выполнять многочисленные требования НПА к их работе.",
      "created_at": "2020-12-01T01:34:27Z",
      "updated_at": "2020-12-07T20:24:32Z",
      "author": 1,
      "image": ""
    }
  },
  {
    "model": "articles.article",
    "pk": 9,
    "fields": {
      "title": "Депутаты предлагают повысить штрафы для РСО за некачественные услуг",
      "content": "Депутаты Госдумы РФ разработали законопроект об ужесточении административной ответственности РСО за предоставление коммунальных услуг ненадлежащего качества. Штрафы для юрлиц вырастут с 5–10 тысяч до 30–50 тысяч рублей, а при повторном нарушении – до 200 тысяч. По данным Минстроя РФ и региональных властей, в 60–70% случаев именно поставщики ресурсов виноваты в некачественных коммунальных услугах, на которые жалуются жители России. При этом штраф для РСО за такое нарушение составляет от 5 до 10 тысяч рублей, а для их руководителей – от 500 до 1 тысячи рублей (ст. 7.23 КоАП РФ). \nДепутаты Госдумы РФ считают, что такое наказание незначительно, и из-за этого поставщики ресурсов так часто допускают нарушения при предоставлении потребителям коммунальных услуг. Поэтому законодатели разработали законопроект, которым будет установлена двухступенчатая система штрафов за некачественные КУ и увеличенная сумма санкций..",
      "created_at": "2020-11-22T16:25:13Z",
      "updated_at": "2020-11-25T16:58:54Z",
      "author": 1,
      "image": ""
    }
  },
  {
    "model": "articles.article",
    "pk": 10,
    "fields": {
      "title": "Обновлены список банков и правила энергоэффективности для капремонта.",
      "content": "Правительство РФ постановлением от 11.02.2021 № 161 утвердило новые требования к региональным и муниципальным программам в области энергосбережения и повышения энергоэффективности, в том числе при проведении капремонта МКД. Также расширен перечень банков, в которых разрешено открывать спецсчёт для формирования фонда капремонта. Постановление Правительства РФ от 11.02.2021 № 161 уже вступило в силу, отменив действие предыдущего документа – постановления Правительства РФ от 31.12.2009 № 1225. Новые требования определяют, что должно содержаться в региональных/муниципальных программах по энергосбережению и/или энергоэффективности и какие мероприятия обязательно должны в них входить.",
      "created_at": "2020-11-25T14:50:33Z",
      "updated_at": "2020-11-27T23:18:40Z",
      "author": 1,
      "image": ""
    }
  },
  {
    "model": "articles.article",
    "pk": 11,
    "fields": {
      "title": "Эксперт рассказал о сложностях составления перечня работ и услуг",
      "content": "Ведущий инженер РосКвартала Алексей Барейша отметил, что, как правило, составленный УО/ТСЖ перечень работ и услуг – это план работ на год. Список составляется на основе минимального перечня, утверждённого ПП РФ № 290 с учётом конструктивных особенности дома. Эксперт рекомендует не включать в перечень локальные сметы по обслуживанию и текущему ремонту, состоящие из 300–400 работ: список должен быть понятным для собственников. Не обязательно подробно перечислять, что вы собираетесь высадить цветы и кусты, покрасить скамейки и бордюры, – объедините эти работы под общим названием «Благоустройство придомовой территории»..",
      "created_at": "2020-11-19T07:03:52Z",
      "updated_at": "2020-11-21T13:04:28Z",
      "author": 1,
      "image": ""
    }
  },
  {
    "model": "articles.article",
    "pk": 12,
    "fields": {
      "title": "УО приглашают обсудить на дебатах сложности проведения онлайн-ОСС",
      "content": "25 февраля 2021 года состоятся новые онлайн-дебаты экспертов и представителей предприятий ЖКХ, организованные компанией «Инноватика» и АНП СРО «Национальный жилищный конгресс». На этот раз на мероприятие вынесены вопросы проведения ОСС онлайн, выбора информационной системы для него и защиты персональных данных голосующих. Участие бесплатное. 25 мая 2020 года вступил в силу № 156-ФЗ, который внёс изменения в ЖК РФ в части проведения онлайн-собраний собственников помещений в МКД. Законодатели отменили необходимость в предварительном традиционном ОСС по выбору платформы для голосования, если собственники используют ГИС ЖКХ или региональные системы. Также увеличилась продолжительность голосования.",
      "created_at": "2020-11-01T15:35:54Z",
      "updated_at": "2020-11-02T12:54:23Z",
      "author": 1,
      "image": ""
    }
  },
  {
    "model": "articles.article",
    "pk": 13,
    "fields": {
      "title": "В Кировской области число питомцев в квартире ограничили формулами",
      "content": "С 14 февраля 2021 года в Кировской области вступают в силу правила содержания домашних животных, которые ставят в зависимость число питомцев в квартире от её площади и количества проживающих в ней людей. В Госдуме РФ такой подход к вопросу не поддерживают, считая, что вместо этого в регионах следует строить приюты для животных. В Кировской области проблему квартир, наполненных животными, будут решать с помощью формул, которые приведены в Правилах содержания домашних животных от 04.02.2021 № 56-П. Чтобы рассчитать квоту на кошек/собак, которых по закону житель Кировской области может завести у себя, нужно умножить количество прописанных в квартире на норму жилой площади на одного человека, установленную ОМС в соответствии со ст. 50 ЖК РФ.",
      "created_at": "2020-10-14T06:18:10Z",
      "updated_at": "2020-10-20T05:18:32Z",
      "author": 1,
      "image": ""
    }
  },
  {
    "model": "articles.article",
    "pk": 14,
    "fields": {
      "title": "Прокуратура проверит обоснованность тарифов на коммунальные услуги",
      "content": "Генеральная прокуратура РФ выявила множественные факты нарушений при утверждении тарифов на коммунальные услуги в регионах. Из-за этого генпрокурор дал поручение территориальным органам провести дополнительные надзорные мероприятия и принять меры по приведению регулируемых цен на КУ в соответствие с законодательством. Стоимость коммунальных услуг для населения и приравненных к нему групп утверждают региональные органы исполнительной власти в области государственного регулирования тарифов. Правила их расчёта, например, в отношении энерго- и теплоснабжения регламентированы приказом Федеральной службы по тарифам РФ от 06.08.2004 № 20-э/2.",
      "created_at": "2020-10-07T21:48:27Z",
      "updated_at": "2020-10-09T07:33:43Z",
      "author": 1,
      "image": ""
    }
  },
  {
    "model": "articles.article",
    "pk": 15,
    "fields": {
      "title": "Минстрой актуализировал Свод правил проектирования капремонта МКД.",
      "content": "Минстрой РФ подготовил изменения в Свод правил проектирования капитального ремонта общего имущества многоквартирных домов, чтобы привести его в соответствие с действующей редакцией Жилищного кодекса РФ. Корректировки позволят применять при ремонте современные технологии и материалы и точнее определять основания и необходимость проведения капитального ремонта. Свод правил СП 368 «Здания жилые. Правила проектирования капитального ремонта» утверждён приказом Минстроя РФ от 25.11.2017 № 1582/пр. Он базировался на строительных нормах ВСН 58-88(р), введённых в действие 1 июля 1989 года. Помимо устаревших на сегодня технологий и материалов, в них были включены работы по текущему ремонту, что вносило путаницу при определении целевого использования средств фонда капремонта МКД. Минстрой РФ инициировал актуализацию СП 368, чтобы устранить эти противоречия. \nРазработанные изменения коснулись перечней работ капремонта и материалов/технологий, которые применяются при их проведении. Например, правила дополнены решениями по переводу невентилируемых крыш в вентилируемые, по использованию ПВХ стеклопакетов, мембранных кровельных материалов, светодиодных светильников и другими возможностями современной строительной отрасли. Также в Свод правил 368 внесли методику определения оснований и необходимости для проведения капитального ремонта. Так, для оценки состояния дома можно применять СП 454 «Здания жилые многоквартирные. Правила оценки ограниченно-работоспособного и аварийного состояния» и по итогам принимать решение о капремонте общего имущества МКД.",
      "created_at": "2020-09-12T05:29:41Z",
      "updated_at": "2020-09-12T21:42:04Z",
      "author": 1,
      "image": ""
    }
  },
  {
    "model": "articles.article",
    "pk": 16,
    "fields": {
      "title": "К 2024 году половина бытовых отходов в стране должна сортироваться.",
      "content": "ППК «Российский экологический оператор» заявила о том, что благодаря введённым в 2020 году в эксплуатацию 37 объектам инфраструктуры сферы обращения с ТКО в стране на сортировку направляется 30% всех бытовых отходов. При этом в Госдуме РФ отметили, что полностью на разделение мусора перешли только Москва и Подмосковье, а в переработку попадают лишь 4 из 60 млн тонн ТКО. По данным РЭО, в прошлом году в 19 регионах России запущены 37 объектов в сфере обращения с ТКО. Из них – пять по обработке и утилизации отходов, 28 сортировочных предприятий и четыре – по утилизации отходов. Оператор рассчитывает, что к 2024 году уровень сортировки ТКО в стране вырастет до 50%, а утилизации – до 12%. В 2030 году эти цифры должны составить 100% и 50% соответственно. \nПредседатель комитета Госдумы РФ по экологии и охране окружающей среды Владимир Бурматов при этом отмечает, что только два региона страны – Москва и Московская область – уже полностью перешли на раздельный сбор ТКО. Он считает, что причиной такой ситуации в сфере обращения с бытовыми отходами является незаинтересованность регоператоров и местных властей в создании необходимой инфраструктуры для сортировки мусора. При этом, по данным депутата, разделять отходы готовы от 60 до 92% граждан, а перерабатывающие мусор заводы загружены лишь на треть своей мощности. \nМежду человеком и отраслью не хватает связующего их звена, которым должен стать регоператор..",
      "created_at": "2020-08-23T00:29:34Z",
      "updated_at": "2020-08-27T23:58:58Z",
      "author": 1,
      "image": ""
    }
  },
  {
    "model": "articles.article",
    "pk": 17,
    "fields": {
      "title": "Уже работающие «умные» ПУ электроэнергии могут оказаться вне закона.",
      "content": "Операторы связи России обратились в Минцифры РФ из-за утверждённого перечня протоколов передачи данных, допустимых к использованию в интеллектуальных системах учёта электроэнергии. В перечень вошёл только отечественный стандарт, а поставщики услуг связи используют зарубежный протокол. Это может поставить вне закона около 1 млн уже подключённых «умных» счётчиков. Нормы Федерального закона от 02.12.2018 № 522-ФЗ обязали РСО электроэнергии постепенно заменить обычные приборы учёта, установленные в помещениях и домах, на «умные» счётчики, с подключением их к интеллектуальной системе учёта потребления ресурса (ИСУ). Для этого составлен перечень спецификации протоколов передачи данных, утверждённый приказом Минцифры РФ от 30.12.2020 № 788. \nДля обмена данными между ИСУ и приборами учёта приказ № 788 допускает использование только отечественного протокола NB-Fi. С этим не согласились операторы связи, которые уже работают на рынке подключения ИСУ и «умных» приборов учёта. Они используют зарубежный стандарт передачи данных NB-IoT. В письме, направленном в Минцифры РФ, поставщики услуг связи отметили, что зарубежный протокол требует меньших затрат электроэнергии по сравнению с отечественным NB-Fi, поэтому устройства могут работать до десяти лет на одной батарее. Сеть NB-IoT, по мнению операторов связи, оптимальна для приборов учёта. Авторы письма отметили, что приказ № 788 ограничивает конкуренцию на рынке услуг связи для «умных» ПУ электроэнергии. В Минцифры РФ в ответ на письмо обещали, что утверждённый перечень протоколов останется необязательным к исполнению.",
      "created_at": "2020-07-25T08:31:00Z",
      "updated_at": "2020-07-30T18:32:38Z",
      "author": 1,
      "image": ""
    }
  },
  {
    "model": "articles.article",
    "pk": 18,
    "fields": {
      "title": "Минстрой РФ рассказал о требованиях к обслуживающим лифты компания",
      "content": "Минстрой РФ в новом письме рассказал о том, какие требования предъявляются к организациям, отвечающим за содержание и ремонт лифтового оборудования в домах, какие работы и с какой периодичностью они должны проводить. Эти требования утверждены постановлением Правительства РФ от 24.06.2017 № 743. При управлении домом УО обязана заключить договор с компанией, обслуживающей лифты в МКД. Отсутствие такого договора является грубым нарушением лицензионных требований (пп. «в» п. 4.1 ПП РФ № 1110). Исключение – когда управляющая организация сама занимается содержанием и ремонтов лифтов, соблюдая все условия согласно постановлению Правительства РФ от 24.06.2017 № 743. В письме от 13.01.2021 № 480-ОГ/04 Минстрой РФ разобрал вопрос о том, каким требованиям должна отвечать организация, обслуживающая лифты, и какие работы выполнять. \nВедомство отметило, что на это не нужна лицензия, но компания должна состоять в соответствующем реестре Ростехнадзора. В её штате должен быть квалифицированный персонал, который может выполнять монтаж/демонтаж лифтового оборудования, его обслуживание и ремонт, аварийные работы и устранение неисправностей в течение 24 часов с момента поломки лифта.",
      "created_at": "2020-06-19T13:38:55Z",
      "updated_at": "2020-06-19T14:49:29Z",
      "author": 1,
      "image": ""
    }
  },
  {
    "model": "articles.article",
    "pk": 19,
    "fields": {
      "title": "На портале Госуслуг появится сервис для проведения онлайн-ОСС",
      "content": "Премьер-министр Михаил Мишустин подписал постановление Правительства РФ, которым утверждено создание на базе портала Госуслуг информационного сервиса для проведения онлайн-собраний собственников в многоквартирных домах. Он будет интегрирован с ГИС ЖКХ и ЕГРН. Постановление Правительства РФ от 16.01.2021 № 9 вносит изменения в другое постановление – от 24.10.2011 № 861, регулирующее работу Единого портала государственных и муниципальных услуг (Госуслуги). Новым документом утверждено создание на портале функционала для проведения заочных общих собраний собственников помещений в МКД с использованием информационной системы.",
      "created_at": "2020-05-14T11:13:07Z",
      "updated_at": "2020-05-18T14:18:52Z",
      "author": 1,
      "image": ""
    }
  },
  {
    "model": "articles.article",
    "pk": 20,
    "fields": {
      "title": "Проект «Цифровой регион»: в работу УО и ТСЖ внедрят «умные» решения",
      "content": "Федеральным проектом «Цифровой регион» предусмотрено направить 87 млрд рублей на распространение в субъектах РФ системы «умного ЖКХ». В планах авторов – внедрить региональные сегменты ГИС ЖКХ, создать систему эффективного использования энергоресурсов и облачные сервисы для управляющих домами. «Цифровой регион» – это федеральный проект, созданный по предложению Совета Федерации РФ. За подготовку предложений отвечают Минцифры, Минэкономразвития и Минвостокразвития РФ. Его реализация была перенесена на 2021 год из-за борьбы с пандемией коронавируса, Проект предполагает создание региональных сегментов ГИС ЖКХ, современной системы управления деятельностью органов ГЖН и электронных паспортов объектов, в том числе МКД. Личные кабинеты и порталы УО должны стать интегрированными с ГИС ЖКХ и региональными системами для эффективного электронного взаимодействия жителей с управляющими домами. \nВ существующей редакции «Цифровой регион» включает в себя создание единых городских АДС, взаимодействующих с системой «112», ГИС ЖКХ, её региональными сегментами, в том числе для оповещения жителей домов об авариях и запланированных ремонтных работах. Также законодатели предлагают разработать единую методологию учёта и отчётности УО, ТСЖ и кооперативов, создать и внедрить для этого облачные сервисы субъектов РФ. Чтобы решить поставленные «Цифровым регионом» в сфере ЖКХ задачи, из федерального бюджета будут выделены почти 6 млрд рублей. Свыше 81 млрд рублей должны будут потратить регионы из своих бюджетов..",
      "created_at": "2020-05-08T15:15:19Z",
      "updated_at": "2020-05-13T11:11:53Z",
      "author": 1,
      "image": ""
    }
  },
{
  "model": "services.pricelist",
  "pk": 1,
  "fields": {
    "name": "Установка смесителя в ванной",
    "price": "500"
  }
},
{
  "model": "services.pricelist",
  "pk": 2,
  "fields": {
    "name": "Установка смесителя на мойку",
    "price": "600"
  }
},
{
  "model": "services.pricelist",
  "pk": 3,
  "fields": {
    "name": "Установка сифона для мойки",
    "price": "200"
  }
},
{
  "model": "services.pricelist",
  "pk": 4,
  "fields": {
    "name": "Установка смесителя с душевой стойкой",
    "price": "1000"
  }
},
{
  "model": "services.pricelist",
  "pk": 5,
  "fields": {
    "name": "Установка сифона для ванны",
    "price": "450"
  }
},
{
  "model": "services.pricelist",
  "pk": 6,
  "fields": {
    "name": "Установка унитаза",
    "price": "1500"
  }
},
{
  "model": "services.pricelist",
  "pk": 7,
  "fields": {
    "name": "Установка унитаза",
    "price": "1500"
  }
},
{
  "model": "services.pricelist",
  "pk": 8,
  "fields": {
    "name": "Установка унитаза",
    "price": "1500"
  }
},
{
  "model": "services.pricelist",
  "pk": 9,
  "fields": {
    "name": "Установка унитаза",
    "price": "1500"
  }
},
{
  "model": "services.pricelist",
  "pk": 10,
  "fields": {
    "name": "Установка унитаза",
    "price": "1500"
  }
},
{
  "model": "services.pricelist",
  "pk": 11,
  "fields": {
    "name": "Установка биде",
    "price": "1500"
  }
},
{
  "model": "services.pricelist",
  "pk": 12,
  "fields": {
    "name": "Установка инсталляции",
    "price": "2500"
  }
},
{
  "model": "services.pricelist",
  "pk": 13,
  "fields": {
    "name": "Монтаж бачка с арматурой",
    "price": "550"
  }
},
{
  "model": "services.pricelist",
  "pk": 14,
  "fields": {
    "name": "Замена бачка",
    "price": "650"
  }
},
{
  "model": "services.pricelist",
  "pk": 15,
  "fields": {
    "name": "Установка ванны чугунной",
    "price": "1800"
  }
},
{
  "model": "services.pricelist",
  "pk": 16,
  "fields": {
    "name": "Установка ванны стальной",
    "price": "1500"
  }
},
{
  "model": "services.pricelist",
  "pk": 17,
  "fields": {
    "name": "Установка ванны акриловой",
    "price": "1800"
  }
},
{
  "model": "services.pricelist",
  "pk": 18,
  "fields": {
    "name": "Установка ванны акриловой с гидромассажем",
    "price": "2500"
  }
},
{
  "model": "services.pricelist",
  "pk": 19,
  "fields": {
    "name": "Сборка и монаж душевой кабины от",
    "price": "2800"
  }
},
{
  "model": "services.pricelist",
  "pk": 20,
  "fields": {
    "name": "Установка душевого поддона",
    "price": "1500"
  }
},
{
  "model": "services.pricelist",
  "pk": 21,
  "fields": {
    "name": "Установка полотенцесушителя со стоячными трубами",
    "price": "2500"
  }
},
{
  "model": "services.pricelist",
  "pk": 22,
  "fields": {
    "name": "Установка полотенцесушителя без стоячных труб",
    "price": "1500"
  }
},
{
  "model": "services.pricelist",
  "pk": 23,
  "fields": {
    "name": "Замена автоматического переключателя",
    "price": "150"
  }
},
{
  "model": "services.pricelist",
  "pk": 24,
  "fields": {
    "name": "Замена водосчетчика",
    "price": "400"
  }
},
{
  "model": "services.pricelist",
  "pk": 25,
  "fields": {
    "name": "Установка водосчетчика на металл",
    "price": "1500"
  }
},
{
  "model": "services.pricelist",
  "pk": 26,
  "fields": {
    "name": "Установка магнитного фильтра",
    "price": "300"
  }
},
{
  "model": "services.pricelist",
  "pk": 27,
  "fields": {
    "name": "Установка шарового крана",
    "price": "500"
  }
},
{
  "model": "services.pricelist",
  "pk": 28,
  "fields": {
    "name": "Демонтаж умывальника в ванной",
    "price": "200"
  }
},
{
  "model": "services.pricelist",
  "pk": 29,
  "fields": {
    "name": "Демонтаж унитаза",
    "price": "250"
  }
},
{
  "model": "services.pricelist",
  "pk": 30,
  "fields": {
    "name": "Демонтаж биде",
    "price": "200"
  }
},
{
  "model": "services.pricelist",
  "pk": 31,
  "fields": {
    "name": "Демонтаж инсталяции",
    "price": "700"
  }
},
{
  "model": "services.pricelist",
  "pk": 32,
  "fields": {
    "name": "Демонтаж стальной ванны",
    "price": "350"
  }
},
{
  "model": "services.pricelist",
  "pk": 33,
  "fields": {
    "name": "Демонтаж чугунной ванны",
    "price": "800"
  }
},
{
  "model": "services.pricelist",
  "pk": 34,
  "fields": {
    "name": "Демонтаж акриловой ванны",
    "price": "350"
  }
},
{
  "model": "services.pricelist",
  "pk": 35,
  "fields": {
    "name": "Демонтаж душевой кабины",
    "price": "1000"
  }
},
{
  "model": "services.pricelist",
  "pk": 36,
  "fields": {
    "name": "Демонтаж душевого поддона",
    "price": "250"
  }
},
{
  "model": "services.pricelist",
  "pk": 37,
  "fields": {
    "name": "Демонтаж полотенцесушителя без стоячных труб",
    "price": "200"
  }
},
{
  "model": "services.pricelist",
  "pk": 38,
  "fields": {
    "name": "Демонтаж радиатора с сохранением",
    "price": "500"
  }
},
{
  "model": "services.pricelist",
  "pk": 39,
  "fields": {
    "name": "Демонтаж радиатора без сохранения",
    "price": "200"
  }
},
{
  "model": "services.pricelist",
  "pk": 40,
  "fields": {
    "name": "Демонтаж чугунного радиатора без сохранения",
    "price": "250"
  }
},
{
  "model": "services.pricelist",
  "pk": 41,
  "fields": {
    "name": "Демонтаж чугунного радиатора с сохранением",
    "price": "550"
  }
},
{
  "model": "services.pricelist",
  "pk": 42,
  "fields": {
    "name": "Демонтаж магнитного фильтра",
    "price": "150"
  }
},
{
  "model": "services.pricelist",
  "pk": 43,
  "fields": {
    "name": "Демонтаж труб канализации",
    "price": "100"
  }
},
{
  "model": "services.pricelist",
  "pk": 44,
  "fields": {
    "name": "Установка котельного оборудования",
    "price": "4000"
  }
},
{
  "model": "services.pricelist",
  "pk": 45,
  "fields": {
    "name": "Установка алюминиевого радиатора",
    "price": "2500"
  }
},
{
  "model": "services.pricelist",
  "pk": 46,
  "fields": {
    "name": "Установка чугунного радиатора",
    "price": "2500"
  }
},
{
  "model": "services.pricelist",
  "pk": 47,
  "fields": {
    "name": "Установка радиатора в нишу",
    "price": "4000"
  }
},
{
  "model": "services.pricelist",
  "pk": 48,
  "fields": {
    "name": "Замена стояка (металл)",
    "price": "3500"
  }
},
{
  "model": "services.pricelist",
  "pk": 49,
  "fields": {
    "name": "Замена стояка (полипропилен или мп)",
    "price": "3500"
  }
},
{
  "model": "services.pricelist",
  "pk": 50,
  "fields": {
    "name": "Замена стояка канализации",
    "price": "3500"
  }
},
{
  "model": "services.pricelist",
  "pk": 51,
  "fields": {
    "name": "Установка заглушки",
    "price": "100"
  }
},
{
  "model": "services.pricelist",
  "pk": 52,
  "fields": {
    "name": "Монтаж канализации Д 50",
    "price": "200"
  }
},
{
  "model": "services.pricelist",
  "pk": 53,
  "fields": {
    "name": "Монтаж канализации Д 100",
    "price": "500"
  }
},
{
  "model": "services.pricelist",
  "pk": 54,
  "fields": {
    "name": "Накрутка резьбы до Д 25",
    "price": "250"
  }
},
{
  "model": "services.pricelist",
  "pk": 55,
  "fields": {
    "name": "Врезка в водопровод сваркой; перенос врезки",
    "price": "1500"
  }
},
{
  "model": "services.pricelist",
  "pk": 56,
  "fields": {
    "name": "Сварка стальной трубы до 50",
    "price": "500"
  }
},
{
  "model": "services.pricelist",
  "pk": 57,
  "fields": {
    "name": "Установка раковины на кухне",
    "price": "700"
  }
},
{
  "model": "services.pricelist",
  "pk": 58,
  "fields": {
    "name": "Установка тумбы с мойкой на кухне без подвода труб",
    "price": "900"
  }
},
{
  "model": "services.pricelist",
  "pk": 59,
  "fields": {
    "name": "Подготовка отверстия в столешнице",
    "price": "400"
  }
},
{
  "model": "services.pricelist",
  "pk": 60,
  "fields": {
    "name": "Установка мойки в столешницу",
    "price": "400"
  }
},
{
  "model": "services.pricelist",
  "pk": 61,
  "fields": {
    "name": "Установка умывальника с тумбой",
    "price": "1000"
  }
},
{
  "model": "services.pricelist",
  "pk": 62,
  "fields": {
    "name": "Установка умывальника в ванной",
    "price": "800"
  }
},
{
  "model": "services.pricelist",
  "pk": 63,
  "fields": {
    "name": "Установка умывальника с тумбой и зеркалом",
    "price": "1200"
  }
},
{
  "model": "services.pricelist",
  "pk": 64,
  "fields": {
    "name": "Установка стиральной машины под ключ",
    "price": "500"
  }
},
{
  "model": "services.pricelist",
  "pk": 65,
  "fields": {
    "name": "Установка посудомоечной машины под ключ",
    "price": "700"
  }
},
{
  "model": "services.pricelist",
  "pk": 66,
  "fields": {
    "name": "Монтаж люка ревизии",
    "price": "350"
  }
},
{
  "model": "services.pricelist",
  "pk": 67,
  "fields": {
    "name": "Установка фильтра тонкой очисти",
    "price": "1500"
  }
},
{
  "model": "services.pricelist",
  "pk": 68,
  "fields": {
    "name": "Прочистка унитаза",
    "price": "500"
  }
},
{
  "model": "services.pricelist",
  "pk": 69,
  "fields": {
    "name": "Монтаж - замена прокладок",
    "price": "100"
  }
},
{
  "model": "services.pricelist",
  "pk": 70,
  "fields": {
    "name": "Прочистка магистрального фильтра",
    "price": "150"
  }
},
{
  "model": "services.pricelist",
  "pk": 71,
  "fields": {
    "name": "Устранение течи водопровода",
    "price": "500"
  }
},
{
  "model": "services.pricelist",
  "pk": 72,
  "fields": {
    "name": "Штроба под трубы Д 32 (кирпич-бетон)",
    "price": "500"
  }
}
]
